Date,Open,High,Low,Close,Volume,Close
2014/1/1,11.1,11.1,11.1,11.1,0,11.1
2014/1/2,11,11.4,11,11.35,523000,11.35
2014/1/3,11.25,11.35,11.1,11.35,263000,11.35
2014/1/6,11.3,11.55,11.2,11.4,363000,11.4
2014/1/7,11.3,11.55,11.25,11.5,617000,11.5
2014/1/8,11.35,11.6,11.3,11.4,899000,11.4
2014/1/9,11.4,11.45,11.15,11.4,431000,11.4
2014/1/10,11.25,11.6,11.25,11.55,825000,11.55
2014/1/13,11.5,12.35,11.45,12.2,1703000,12.2
2014/1/14,12.05,12.25,11.9,12.25,1014000,12.25
2014/1/15,12.2,12.25,12.1,12.2,652000,12.2
2014/1/16,12.1,12.35,12.05,12.3,662000,12.3
2014/1/17,12.3,12.4,12.15,12.2,613000,12.2
2014/1/20,12.2,13.05,12.1,13.05,2420000,13.05
2014/1/21,13.1,13.9,13.1,13.65,3339000,13.65
2014/1/22,13.65,14.05,13.4,13.45,2551000,13.45
2014/1/23,13.2,13.8,13.2,13.55,2254000,13.55
2014/1/24,13.45,13.6,13.25,13.45,1183000,13.45
2014/1/27,13.45,13.45,12.65,12.85,2246000,12.85
2014/1/28,12.85,12.85,12.85,12.85,0,12.85
2014/1/29,12.85,12.85,12.85,12.85,0,12.85
2014/1/30,12.85,12.85,12.85,12.85,0,12.85
2014/1/31,12.85,12.85,12.85,12.85,0,12.85
2014/2/3,12.85,12.85,12.85,12.85,0,12.85
2014/2/5,12.75,13.5,12.5,12.8,1144000,12.8
2014/2/6,12.9,13.3,12.85,13,1004000,13
2014/2/7,13,13.35,12.7,13,1480000,13
2014/2/10,12.75,13.15,12.75,12.95,644000,12.95
2014/2/11,12.85,13.05,12.75,13,625000,13
2014/2/12,12.9,13.2,12.9,13.2,862000,13.2
2014/2/13,13.05,14.1,13.05,14.1,3463000,14.1
2014/2/14,14.35,14.65,14.2,14.5,3764000,14.5
2014/2/17,14.5,14.6,14.2,14.6,1347000,14.6
2014/2/18,14.45,14.6,14.1,14.55,1366000,14.55
2014/2/19,14.55,15.55,14.5,15.4,3860000,15.4
2014/2/20,15.45,15.45,14.75,14.95,3466000,14.95
2014/2/21,14.85,15.05,14.7,14.95,1526000,14.95
2014/2/24,14.9,14.9,14.3,14.5,1405000,14.5
2014/2/25,14.5,15.25,14.5,15.05,1769000,15.05
2014/2/26,14.9,15.25,14.9,15.15,1324000,15.15
2014/2/27,15.15,15.25,14.9,14.9,1164000,14.9
2014/2/28,14.9,14.9,14.9,14.9,0,14.9
2014/3/3,14.9,15.2,14.7,15.2,657000,15.2
2014/3/4,14.8,15.05,14.7,14.7,1186000,14.7
2014/3/5,14.9,15.05,14.7,14.95,1183000,14.95
2014/3/6,14.9,15.25,14.8,14.95,1695000,14.95
2014/3/7,15.15,15.2,14.8,14.95,1164000,14.95
2014/3/10,14.75,15.1,14.75,15.1,1278000,15.1
2014/3/11,15.05,15.3,15,15.1,1314000,15.1
2014/3/12,14.9,15.15,14.8,14.8,1105000,14.8
2014/3/13,14.75,15.15,14.75,15.15,988000,15.15
2014/3/14,15.15,16.2,15.05,16.2,3337000,16.2
2014/3/17,16.45,17,16.25,16.8,4761000,16.8
2014/3/18,16.8,16.85,15.9,16.2,2520000,16.2
2014/3/19,16.25,16.5,15.8,15.8,2031000,15.8
2014/3/20,15.75,16.05,15.15,15.7,2019000,15.7
2014/3/21,15.55,15.8,15.4,15.4,936000,15.4
2014/3/24,15.35,15.4,14.8,15.35,901000,15.35
2014/3/25,15.55,16.4,15.35,16.2,3472000,16.2
2014/3/26,16,17.25,16,16.35,5500000,16.35
2014/3/27,16,17.45,16,17.45,4078000,17.45
2014/3/28,18.15,18.45,17.2,17.6,6407000,17.6
2014/3/31,17.7,18.05,17.25,17.55,1908000,17.55
2014/4/1,17.55,18.15,17.4,17.4,1416000,17.4
2014/4/2,17.45,17.6,17.15,17.2,1246000,17.2
2014/4/3,17.1,17.3,16.7,17,1305000,17
2014/4/4,17,17,17,17,0,17
2014/4/7,17.15,17.6,16.9,17.1,1094000,17.1
2014/4/8,17.1,17.2,16,16.1,1988000,16.1
2014/4/9,16.2,16.8,16.2,16.4,887000,16.4
2014/4/10,16.6,16.6,15.55,16,2188000,16
2014/4/11,15.9,16.05,15.55,15.65,1683000,15.65
2014/4/14,15.6,15.75,15,15.5,1726000,15.5
2014/4/15,15.5,15.7,15.35,15.45,1021000,15.45
2014/4/16,15.5,15.85,15.3,15.65,1014000,15.65
2014/4/17,16,16.1,15.65,15.65,1135000,15.65
2014/4/18,15.65,15.7,15.3,15.3,389000,15.3
2014/4/21,15.5,16,15.3,16,824000,16
2014/4/22,16,16.05,15.55,15.7,564000,15.7
2014/4/23,15.65,15.75,15.35,15.35,372000,15.35
2014/4/24,15.5,15.65,15.2,15.4,451000,15.4
2014/4/25,15.35,15.4,14.5,14.55,1449000,14.55
2014/4/28,14,14.3,13.85,14,1012000,14
2014/4/29,14.3,14.95,14.3,14.95,1300000,14.95
2014/4/30,14.95,15.45,14.7,14.8,938000,14.8
2014/5/1,14.8,14.8,14.8,14.8,0,14.8
2014/5/2,15,15.1,14.65,15.1,711000,15.1
2014/5/5,15.1,15.15,14.8,15.05,598000,15.05
2014/5/6,15,15.45,14.85,15.2,1020000,15.2
2014/5/7,15.15,16,15.15,15.85,1589000,15.85
2014/5/8,15.9,16.1,15.7,15.95,997000,15.95
2014/5/9,15.95,16.05,15.7,15.8,832000,15.8
2014/5/12,15.3,15.3,14.7,14.85,1210000,14.85
2014/5/13,13.9,14.8,13.9,14.5,706000,14.5
2014/5/14,14.1,14.3,14,14.15,641000,14.15
2014/5/15,14.2,14.8,14.2,14.8,538000,14.8
2014/5/16,14.7,14.7,14.3,14.65,494000,14.65
2014/5/19,14.65,15.1,14.6,14.8,449000,14.8
2014/5/20,14.7,15.25,14.6,14.85,520000,14.85
2014/5/21,14.9,14.95,14.65,14.7,479000,14.7
2014/5/22,14.8,15.05,14.6,14.85,528000,14.85
2014/5/23,14.85,15.35,14.85,15,673000,15
2014/5/26,14.9,15.3,14.9,15.15,579000,15.15
2014/5/27,15.05,15.3,14.85,14.85,588000,14.85
2014/5/28,14.9,15.1,14.8,14.9,636000,14.9
2014/5/29,14.9,15.15,14.6,14.95,629000,14.95
2014/5/30,14.95,15.2,14.8,15,654000,15
2014/6/2,15,15,15,15,0,15
2014/6/3,14.85,15.3,14.85,15,825000,15
2014/6/4,15,15.35,14.95,15.1,853000,15.1
2014/6/5,15.25,16.1,15.25,15.55,1137000,15.55
2014/6/6,15.8,16.1,15.6,15.8,758000,15.8
2014/6/9,16.2,16.3,15.3,15.35,650000,15.35
2014/6/10,15.35,15.6,14.6,14.85,674000,14.85
2014/6/11,14.85,15,13.95,15,820000,15
2014/6/12,15.5,15.8,15.15,15.6,1055000,15.6
2014/6/13,15.6,16.3,15.6,15.85,1329000,15.85
2014/6/16,16.1,16.1,15.65,15.65,452000,15.65
2014/6/17,15.7,16.15,15.55,15.65,922000,15.65
2014/6/18,15.9,16.05,15.7,15.95,571000,15.95
2014/6/19,16.05,17.05,15.9,16.95,3166000,16.95
2014/6/20,16.9,17.4,16.6,16.85,3654000,16.85
2014/6/23,16.8,17.1,15.95,16.5,2311000,16.5
2014/6/24,16.25,16.7,16.25,16.35,1015000,16.35
2014/6/25,16.8,17.45,16.7,17.45,2755000,17.45
2014/6/26,17.8,17.9,17.1,17.2,4064000,17.2
2014/6/27,17.2,17.4,16.95,17.05,1208000,17.05
2014/6/30,17.2,17.7,17.2,17.3,1386000,17.3
2014/7/1,17.3,18.5,17.3,18.35,5005000,18.35
2014/7/2,18.3,19.3,18,18.4,3951000,18.4
2014/7/3,18.35,18.9,18.25,18.6,767000,18.6
2014/7/4,18.6,18.8,18.2,18.8,1002000,18.8
2014/7/7,19,19.75,19,19.6,4936000,19.6
2014/7/8,19.55,19.75,19,19.6,2101000,19.6
2014/7/9,19.5,19.6,19.2,19.4,2462000,19.4
2014/7/10,19.8,20.15,18.05,19.7,10160000,19.7
2014/7/11,19.5,19.65,18.35,18.45,5729000,18.45
2014/7/14,18.45,18.85,18.45,18.6,1799000,18.6
2014/7/15,18.7,19.05,18.6,18.7,1430000,18.7
2014/7/16,18.5,18.7,18.4,18.5,2500000,18.5
2014/7/17,18.35,18.75,18.35,18.65,1346000,18.65
2014/7/18,18.6,18.8,18.45,18.7,1417000,18.7
2014/7/21,18.7,19.4,18.7,18.85,1934000,18.85
2014/7/22,18.7,19,18.55,18.95,1721000,18.95
2014/7/23,18.95,18.95,18.95,18.95,0,18.95
2014/7/24,19,19.85,18.95,19.7,2163000,19.7
2014/7/25,19.65,20.05,19.45,19.5,1988000,19.5
2014/7/28,19.35,19.75,18.8,18.8,1706000,18.8
2014/7/29,18.8,19.15,17.8,18.8,2784000,18.8
2014/7/30,18.4,18.55,17.8,17.95,3049000,17.95
2014/7/31,17.95,18.15,17.4,18.15,1937000,18.15
2014/8/1,17.8,18.15,17.75,18.1,1267000,18.1
2014/8/4,17.85,18.5,17.85,18.3,867000,18.3
2014/8/5,18.3,18.5,18.1,18.2,876000,18.2
2014/8/6,18.15,18.25,17.55,18,1673000,18
2014/8/7,17.75,18.35,17.75,18.2,1156000,18.2
2014/8/8,18,18.25,17.9,18,1048000,18
2014/8/11,17.8,18.15,17.75,18.15,947000,18.15
2014/8/12,18.05,18.55,17.85,18.5,2129000,18.5
2014/8/13,18.4,19.2,18.4,19,2347000,19
2014/8/14,18.9,19.4,18.5,18.7,2301000,18.7
2014/8/15,18.7,18.7,18.15,18.4,967000,18.4
2014/8/18,18.2,18.4,18.05,18.25,1122000,18.25
2014/8/19,18.2,18.6,18.2,18.6,975000,18.6
2014/8/20,18.5,19,18.5,18.65,1371000,18.65
2014/8/21,18.55,18.9,18.5,18.8,1042000,18.8
2014/8/22,18.8,19.3,18.8,18.9,1232000,18.9
2014/8/25,18.8,18.95,18.3,18.5,1314000,18.5
2014/8/26,18.4,18.6,18.4,18.55,863000,18.55
2014/8/27,18.5,18.55,18.3,18.35,993000,18.35
2014/8/28,18.5,18.5,18.15,18.45,1246000,18.45
2014/8/29,18.35,18.5,18,18.35,1340000,18.35
2014/9/1,18.3,18.6,18,18.3,1040000,18.3
2014/9/2,18.3,18.6,18.1,18.6,965000,18.6
2014/9/3,18.6,18.9,18.6,18.8,1113000,18.8
2014/9/4,18.7,18.7,18.35,18.6,800000,18.6
2014/9/5,18.6,18.75,18.5,18.55,821000,18.55
2014/9/8,18.55,18.55,18.55,18.55,0,18.55
2014/9/9,18.45,18.55,18.25,18.5,805000,18.5
2014/9/10,18.25,18.4,17.9,18.35,1146000,18.35
2014/9/11,18.25,18.4,17.9,18.4,1700000,18.4
2014/9/12,18.3,18.35,17.75,17.8,1557000,17.8
2014/9/15,17.85,18.15,17.65,18,1351000,18
2014/9/16,17.85,18.1,17.8,17.85,678000,17.85
2014/9/17,17.85,18.05,17.7,17.9,1226000,17.9
2014/9/18,17.75,18.05,17.6,18.05,1473000,18.05
2014/9/19,17.85,18,17.75,17.95,908000,17.95
2014/9/22,17.8,17.8,17.2,17.7,828000,17.7
2014/9/23,17.7,17.7,17.2,17.6,712000,17.6
2014/9/24,17.55,17.55,17.2,17.3,1693000,17.3
2014/9/25,17.3,17.4,17.05,17.2,810000,17.2
2014/9/26,17,17.1,16,16.65,2253000,16.65
2014/9/29,16.1,16.4,15.5,15.5,1713000,15.5
2014/9/30,15.15,15.4,14.9,15.2,1139000,15.2
2014/10/1,15.2,15.4,14.95,15.3,1209000,15.3
2014/10/2,15.2,16.35,15.1,16.35,1998000,16.35
2014/10/3,16.35,16.45,16.2,16.45,1437000,16.45
2014/10/6,16.3,16.45,16.25,16.45,425000,16.45
2014/10/7,16.35,16.4,15.9,16.4,587000,16.4
2014/10/8,16.4,17,16.4,16.5,1338000,16.5
2014/10/9,16.45,16.65,16.2,16.3,1302000,16.3
2014/10/10,16.3,16.3,16.3,16.3,0,16.3
2014/10/13,16.1,16.2,15.6,15.85,664000,15.85
2014/10/14,15.7,16.3,15.45,16.25,899000,16.25
2014/10/15,16.2,16.3,16,16.2,938000,16.2
2014/10/16,15.95,16.2,15.1,16.15,1072000,16.15
2014/10/17,16.1,16.2,15.1,15.1,535000,15.1
2014/10/20,15.4,15.75,15.3,15.6,556000,15.6
2014/10/21,15.45,15.5,14.85,15.5,963000,15.5
2014/10/22,15.3,15.6,15.1,15.5,833000,15.5
2014/10/23,15.3,15.6,15.2,15.4,470000,15.4
2014/10/24,15.4,15.6,15.2,15.45,267000,15.45
2014/10/27,15.6,15.6,15,15.2,492000,15.2
2014/10/28,15.05,15.15,14.75,14.75,574000,14.75
2014/10/29,15,15.25,14.7,14.8,610000,14.8
2014/10/30,14.75,14.85,14.4,14.55,525000,14.55
2014/10/31,14.45,14.8,14.2,14.45,849000,14.45
2014/11/3,14.2,14.35,13.45,13.45,1547000,13.45
2014/11/4,12.55,13.3,12.55,12.9,2288000,12.9
2014/11/5,12.9,12.9,12.1,12.6,1654000,12.6
2014/11/6,12.6,13.45,12.5,13.45,1119000,13.45
2014/11/7,13.55,14.1,13.3,13.55,1790000,13.55
2014/11/10,13.55,13.65,13.15,13.25,614000,13.25
2014/11/11,12.6,13,12.4,12.8,1673000,12.8
2014/11/12,12.55,12.9,12.55,12.7,303000,12.7
2014/11/13,12.65,12.8,12.55,12.6,144000,12.6
2014/11/14,12.45,12.7,12.45,12.5,424000,12.5
2014/11/17,12.3,12.45,11.9,12.25,530000,12.25
2014/11/18,11.9,12.05,11.7,11.7,653000,11.7
2014/11/19,11.7,11.7,10.9,10.9,2840000,10.9
2014/11/20,11,11.6,10.8,11.2,1432000,11.2
2014/11/21,11.3,11.4,11.1,11.1,624000,11.1
2014/11/24,11.1,11.3,11.05,11.1,339000,11.1
2014/11/25,11.1,11.2,11.1,11.15,316000,11.15
2014/11/26,11.2,11.4,11.1,11.1,168000,11.1
2014/11/27,11.1,11.3,11.1,11.1,258000,11.1
2014/11/28,11.15,11.35,11.1,11.15,98000,11.15
2014/12/1,10.5,11.1,10.5,11.05,259000,11.05
2014/12/2,10.9,11.05,10.6,10.75,384000,10.75
2014/12/3,10.75,11.1,10.75,11,392000,11
2014/12/4,11.5,11.65,11,11.35,377000,11.35
2014/12/5,11.3,11.4,11.2,11.4,170000,11.4
2014/12/8,11.35,11.6,11.2,11.25,248000,11.25
2014/12/9,11.1,11.4,11.1,11.2,111000,11.2
2014/12/10,11.2,11.2,10.95,11.1,162000,11.1
2014/12/11,10.95,11.1,10.9,11.05,130000,11.05
2014/12/12,11.05,11.25,10.85,10.95,160000,10.95
2014/12/15,10.9,11.7,10.7,11.7,747000,11.7
2014/12/16,11.7,12,11.5,11.85,463000,11.85
2014/12/17,12.1,12.1,11.7,11.7,129000,11.7
2014/12/18,11.7,11.8,11.5,11.5,63000,11.5
2014/12/19,11.5,12.15,11.5,11.7,286000,11.7
2014/12/22,11.7,12.5,11.7,12.5,739000,12.5
2014/12/23,12.5,12.85,12.4,12.55,604000,12.55
2014/12/24,12.5,12.9,12.5,12.7,299000,12.7
2014/12/25,12.55,13.55,12.55,13.55,717000,13.55
2014/12/26,13.75,14.3,13.6,13.8,841000,13.8
2014/12/29,13.4,13.7,13.3,13.35,229000,13.35
2014/12/30,13.3,13.5,13.2,13.3,96000,13.3
2014/12/31,13.1,13.3,12.9,12.95,239000,12.95
2015/1/1,12.95,12.95,12.95,12.95,0,12.95
2015/1/2,12.95,12.95,12.95,12.95,0,12.95
2015/1/5,12.95,13.05,12.65,12.75,135000,12.75
2015/1/6,12.65,12.65,12.3,12.4,156000,12.4
2015/1/7,12.4,12.8,12.35,12.75,118000,12.75
2015/1/8,13,13,12.8,12.95,203000,12.95
2015/1/9,13.05,13.2,12.85,13.2,146000,13.2
2015/1/12,13.1,13.35,13,13.35,240000,13.35
2015/1/13,13.25,13.45,13.2,13.35,83000,13.35
2015/1/14,13.4,13.4,13,13,224000,13
2015/1/15,12.95,13.1,12.8,12.8,149000,12.8
2015/1/16,12.5,12.95,12.5,12.75,71000,12.75
2015/1/19,12.7,12.85,12.5,12.8,67000,12.8
2015/1/20,12.8,12.85,12.6,12.7,63000,12.7
2015/1/21,12.75,12.75,12.35,12.4,80000,12.4
2015/1/22,12.6,12.6,12.45,12.5,36000,12.5
2015/1/23,12.5,12.55,12.5,12.55,42000,12.55
2015/1/26,12.4,12.6,12.35,12.4,108000,12.4
2015/1/27,12.4,13.25,12.4,13.25,496000,13.25
2015/1/28,13.6,13.65,13.3,13.45,424000,13.45
2015/1/29,13.4,13.65,13,13.05,198000,13.05
2015/1/30,13.3,13.5,13.15,13.5,294000,13.5
2015/2/2,14.15,14.4,13.8,14.4,861000,14.4
2015/2/3,15.4,15.4,15,15.4,1140000,15.4
2015/2/4,16.45,16.45,16.45,16.45,778000,16.45
2015/2/5,7.28,7.28,7.28,7.28,0,7.28
2015/2/6,17.6,17.6,16.4,16.55,2525000,16.55
2015/2/9,16.55,17.7,16.55,17.7,2923000,17.7
2015/2/10,17.7,18.5,16.7,17.1,2815000,17.1
2015/2/11,17.2,17.75,16.95,17.1,1131000,17.1
2015/2/12,17.7,17.7,17.2,17.4,581000,17.4
2015/2/13,17.7,17.7,17.4,17.55,1035000,17.55
2015/2/16,17.55,17.55,17.55,17.55,0,17.55
2015/2/17,17.55,17.55,17.55,17.55,0,17.55
2015/2/18,17.55,17.55,17.55,17.55,0,17.55
2015/2/19,17.55,17.55,17.55,17.55,0,17.55
2015/2/20,17.55,17.55,17.55,17.55,0,17.55
2015/2/23,17.55,17.55,17.55,17.55,0,17.55
2015/2/24,18.7,18.7,17.6,18.05,1824000,18.05
2015/2/25,18.1,18.2,17.75,17.85,893000,17.85
2015/2/26,17.75,18.1,17.6,18.05,505000,18.05
2015/2/27,18.05,18.05,18.05,18.05,0,18.05
2015/3/2,18.9,19,18.35,18.7,2532000,18.7
2015/3/3,18.7,20,18.7,20,3685000,20
2015/3/4,20.1,21.35,20.05,21.35,4041000,21.35
2015/3/5,21.35,22.1,21.3,21.9,2755000,21.9
2015/3/6,22,22.3,21.05,21.7,2118000,21.7
2015/3/9,22,22.65,22,22.55,2011000,22.55
2015/3/10,22.3,23,22.2,22.3,1702000,22.3
2015/3/11,22.25,22.5,21.9,22.1,1343000,22.1
2015/3/12,22.45,22.5,22,22.15,707000,22.15
2015/3/13,22.15,22.5,22.15,22.3,807000,22.3
2015/3/16,22.5,23.85,22.5,23.85,3759000,23.85
2015/3/17,23.95,24.05,22.5,23.4,2750000,23.4
2015/3/18,23.45,23.75,23.3,23.55,807000,23.55
2015/3/19,23.4,23.95,23.4,23.6,668000,23.6
2015/3/20,23.6,23.75,22.8,23.7,1553000,23.7
2015/3/23,24,25,23.75,24.9,2137000,24.9
2015/3/24,24.9,25.8,24.9,25.55,2324000,25.55
2015/3/25,25.55,26.55,24.6,25.1,3474000,25.1
2015/3/26,24.85,25.5,24.5,25.5,1672000,25.5
2015/3/27,26,26.2,25.3,25.5,1648000,25.5
2015/3/30,26,26,25.15,25.6,1434000,25.6
2015/3/31,25.55,25.8,24.8,25.45,2324000,25.45
2015/4/1,25.5,25.55,25.1,25.35,1536000,25.35
2015/4/2,25.2,25.6,25.2,25.55,1044000,25.55
2015/4/3,25.55,25.55,25.55,25.55,0,25.55
2015/4/6,25.55,25.55,25.55,25.55,0,25.55
2015/4/7,25.8,26.2,25.55,25.6,1829000,25.6
2015/4/8,25.8,25.8,25,25.65,1571000,25.65
2015/4/9,25.7,26.2,25.7,26.1,2075000,26.1
2015/4/10,26.5,27.8,26.25,27.45,6459000,27.45
2015/4/13,27.65,27.7,26.8,27.5,3100000,27.5
2015/4/14,27.5,27.7,27.3,27.7,1758000,27.7
2015/4/15,27.45,28.25,27,27.45,4100000,27.45
2015/4/16,27.45,27.9,27.45,27.5,1029000,27.5
2015/4/17,27.5,27.9,27,27.55,2561000,27.55
2015/4/20,27.6,28,27.5,27.65,1031000,27.65
2015/4/21,27.75,27.95,27.6,27.65,1733000,27.65
2015/4/22,27.65,28.75,27.65,27.7,3125000,27.7
2015/4/23,27.8,28,27.65,27.65,872000,27.65
2015/4/24,27.05,27.7,27.05,27.5,1696000,27.5
2015/4/27,27.5,27.95,27.5,27.5,1499000,27.5
2015/4/28,27.65,28.6,26.9,28.15,3952000,28.15
2015/4/29,28.15,28.95,27.95,28.2,2966000,28.2
2015/4/30,28.4,28.4,27.95,28.25,687000,28.25
2015/5/1,28.25,28.25,28.25,28.25,0,28.25
2015/5/4,28.25,29,28.2,28.25,1390000,28.25
2015/5/5,28.25,29.6,28,29.45,4272000,29.45
2015/5/6,29.45,29.85,29.4,29.55,2617000,29.55
2015/5/7,29.55,29.9,29.55,29.55,1908000,29.55
2015/5/8,29.6,29.75,29.3,29.3,1914000,29.3
2015/5/11,29.3,29.45,28.85,29.4,2685000,29.4
2015/5/12,29.4,29.55,29.2,29.35,1817000,29.35
2015/5/13,29.35,29.45,29.25,29.35,1522000,29.35
2015/5/14,29.35,29.45,29.25,29.45,2071000,29.45
2015/5/15,29.4,29.6,29.4,29.45,1615000,29.45
2015/5/18,29.45,29.5,29.3,29.45,1881000,29.45
2015/5/19,29.4,29.55,29.35,29.45,1496000,29.45
2015/5/20,29.4,29.45,29.25,29.35,1224000,29.35
2015/5/21,29.35,29.4,27.3,27.3,4074000,27.3
2015/5/22,25.4,26.45,25.4,25.4,4591000,25.4
2015/5/25,25.4,26.25,25.15,26.2,3999000,26.2
2015/5/26,26.2,28,26.2,27.4,3268000,27.4
2015/5/27,27.4,28.1,27.4,27.45,1482000,27.45
2015/5/28,27.7,27.8,26.25,27.05,1542000,27.05
2015/5/29,27.05,27.15,26.7,27,1184000,27
2015/6/1,28,28,27.15,27.5,1287000,27.5
2015/6/2,27.7,27.7,27.1,27.2,724000,27.2
2015/6/3,27.5,27.9,27.3,27.5,941000,27.5
2015/6/4,27.3,27.55,27.1,27.25,850000,27.25
2015/6/5,27.25,27.5,26.9,27.35,905000,27.35
2015/6/8,27.2,27.65,27.2,27.4,1053000,27.4
2015/6/9,27.8,27.8,27.2,27.25,1466000,27.25
2015/6/10,27.25,28.2,26.85,28.2,2351000,28.2
2015/6/11,28.3,29,28.25,28.35,3487000,28.35
2015/6/12,28.3,28.8,27.3,28.55,2939000,28.55
2015/6/15,28.55,28.75,28.1,28.1,1765000,28.1
2015/6/16,28.1,28.3,25.3,25.3,4743000,25.3
2015/6/17,25.3,25.9,25.1,25.6,2825000,25.6
2015/6/18,25.4,26.25,25.3,26.15,1292000,26.15
2015/6/19,26.15,26.15,26.15,26.15,0,26.15
2015/6/22,26.5,26.55,25.85,26,947000,26
2015/6/23,26.1,26.55,25.9,26.15,1076000,26.15
2015/6/24,26,26.2,25.95,26.05,583000,26.05
2015/6/25,26.05,26.25,26,26.15,983000,26.15
2015/6/26,26.15,26.45,26.15,26.35,790000,26.35
2015/6/29,26,26.4,26,26.2,1218000,26.2
2015/6/30,26.15,26.4,26.1,26.2,827000,26.2
2015/7/1,26.2,26.55,26.15,26.3,1165000,26.3
2015/7/2,26.3,26.4,26.1,26.2,831000,26.2
2015/7/3,26.2,28,25.85,27.5,2527000,27.5
2015/7/6,27.5,28.3,27.5,27.55,2760000,27.55
2015/7/7,27.55,27.7,27.2,27.5,2244000,27.5
2015/7/8,27.5,27.6,27,27.4,2489000,27.4
2015/7/9,27.4,27.5,25.35,27.4,1530000,27.4
2015/7/10,27.4,27.4,27.4,27.4,0,27.4
2015/7/13,27.3,27.45,27.25,27.25,1300000,27.25
2015/7/14,27.25,27.25,26.15,27,933000,27
2015/7/15,26.85,27,26.5,26.85,839000,26.85
2015/7/16,26.85,26.9,26.55,26.8,1173000,26.8
2015/7/17,26.8,26.85,25.65,26.25,2447000,26.25
2015/7/20,26.2,26.2,23.65,23.65,3228000,23.65
2015/7/21,23.65,24.5,23.3,23.75,6533000,23.75
2015/7/22,23.65,24.25,23.55,23.85,1665000,23.85
2015/7/23,23.75,24.15,22.5,23.7,2731000,23.7
2015/7/24,23.7,24.3,22.1,24.3,4240000,24.3
2015/7/27,24.3,24.3,23.25,23.8,1997000,23.8
2015/7/28,23.75,24,21.8,23.7,2860000,23.7
2015/7/29,23.6,23.6,22.6,23.6,1361000,23.6
2015/7/30,23.9,25.4,23.9,24.45,2094000,24.45
2015/7/31,24.6,25,23.85,24.35,1647000,24.35
2015/8/3,24.2,24.25,23.6,24.15,1707000,24.15
2015/8/4,24.2,24.45,23.75,24.05,1296000,24.05
2015/8/5,24.05,24.35,23.65,24.05,1230000,24.05
2015/8/6,24,24,22.85,23.45,2029000,23.45
2015/8/7,23.3,24,22.5,24,1595000,24
2015/8/10,24.3,24.4,23.85,24.4,1725000,24.4
2015/8/11,24.25,24.4,23.6,23.6,2094000,23.6
2015/8/12,23.55,23.85,23.1,23.4,2010000,23.4
2015/8/13,23.45,23.7,22.9,23.45,1765000,23.45
2015/8/14,23.4,23.65,23.3,23.3,1039000,23.3
2015/8/17,23.3,23.6,23.2,23.3,902000,23.3
2015/8/18,23.3,23.85,23.3,23.55,624000,23.55
2015/8/19,23.5,23.75,23.45,23.6,946000,23.6
2015/8/20,23.6,25.05,23.55,24.95,1619000,24.95
2015/8/21,24.85,25.9,24.85,24.95,1860000,24.95
2015/8/24,24.8,24.85,23.3,23.45,1223000,23.45
2015/8/25,23.1,23.7,23.1,23.7,680000,23.7
2015/8/26,23.5,23.7,23.35,23.5,385000,23.5
2015/8/27,23.75,23.9,23.45,23.6,484000,23.6
2015/8/28,23.6,23.7,23.45,23.5,218000,23.5
2015/8/31,23.5,23.5,23.3,23.5,277000,23.5
2015/9/1,23.3,23.6,23.3,23.45,309000,23.45
2015/9/2,23.4,23.45,23.2,23.45,331000,23.45
2015/9/3,23.45,23.5,23.2,23.5,407000,23.5
2015/9/4,23.5,24,23.2,23.65,942000,23.65
2015/9/7,23.6,24,23.6,23.75,553000,23.75
2015/9/8,23.9,24.25,23.8,23.8,409000,23.8
2015/9/9,23.9,23.95,23.5,23.85,408000,23.85
2015/9/10,24,24.2,23.85,24.2,240000,24.2
2015/9/11,24.15,24.2,23.95,24.2,287000,24.2
2015/9/14,24.2,24.3,23.6,24,314000,24
2015/9/15,23.95,24,23.65,24,122000,24
2015/9/16,24,24.8,23.65,24.8,1031000,24.8
2015/9/17,25.35,25.5,24.8,25.3,1992000,25.3
2015/9/18,25.5,25.5,24.5,24.9,1062000,24.9
2015/9/21,24.55,24.65,23.35,23.95,972000,23.95
2015/9/22,23.85,23.9,23.55,23.75,416000,23.75
2015/9/23,23.5,23.95,23.15,23.8,869000,23.8
2015/9/24,23.8,23.95,23.2,23.5,408000,23.5
2015/9/25,23.5,23.5,23.2,23.35,432000,23.35
2015/9/28,23.35,23.35,23.35,23.35,0,23.35
2015/9/29,23.35,23.35,23.35,23.35,0,23.35
2015/9/30,23.55,23.55,22.5,23.3,266000,23.3
2015/10/1,23.3,23.45,23.05,23.45,324000,23.45
2015/10/2,23.5,23.7,23.05,23.5,421000,23.5
2015/10/5,23.45,23.75,23.25,23.4,984000,23.4
2015/10/6,23.55,23.95,23.05,23.45,1009000,23.45
2015/10/7,23.5,23.5,23,23.35,487000,23.35
2015/10/8,23.5,24.3,23.35,24,1867000,24
2015/10/9,24,24,24,24,0,24
2015/10/12,24.1,24.9,24.05,24.3,1259000,24.3
2015/10/13,24.25,24.25,23.7,24.1,507000,24.1
2015/10/14,23.95,24.2,23.85,24.15,318000,24.15
2015/10/15,24.35,24.35,23.85,24.15,380000,24.15
2015/10/16,23.8,24,23.65,23.85,1195000,23.85
2015/10/19,23.85,23.85,22,23.6,2222000,23.6
2015/10/20,23.35,23.6,22.85,23.5,754000,23.5
2015/10/21,23.5,23.55,23.25,23.4,452000,23.4
2015/10/22,23.4,23.4,23,23.35,619000,23.35
2015/10/23,23.45,23.45,22.9,23.2,757000,23.2
2015/10/26,23.2,23.2,22.55,22.9,861000,22.9
2015/10/27,22.7,22.8,22.4,22.7,1052000,22.7
2015/10/28,22.65,23.4,22.55,23.25,1777000,23.25
2015/10/29,23,23.3,22.85,23.05,500000,23.05
2015/10/30,23.2,23.7,23.1,23.25,1425000,23.25
2015/11/2,23.3,23.3,22.95,23.25,521000,23.25
2015/11/3,23.2,23.2,22.8,22.9,589000,22.9
2015/11/4,22.65,22.9,22.6,22.7,750000,22.7
2015/11/5,22.85,22.85,22.3,22.35,776000,22.35
2015/11/6,22.4,22.9,22.4,22.85,1491000,22.85
2015/11/9,22.85,22.9,22.4,22.85,2087000,22.85
2015/11/10,22.6,22.8,22.4,22.6,2570000,22.6
2015/11/11,22.5,22.8,22.35,22.6,1240000,22.6
2015/11/12,22.45,22.55,20.35,20.35,894000,20.35
2015/11/13,18.35,18.35,18.35,18.35,136000,18.35
2015/11/16,16.55,18.2,16.55,16.55,6522000,16.55
2015/11/17,14.9,14.9,14.9,14.9,1027000,14.9
2015/11/18,13.45,13.45,13.45,13.45,272000,13.45
2015/11/19,12.15,12.15,12.15,12.15,186000,12.15
2015/11/20,10.95,10.95,10.95,10.95,239000,10.95
2015/11/23,9.86,9.86,9.86,9.86,868000,9.86
2015/11/24,8.88,8.88,8.88,8.88,538000,8.88
2015/11/25,8,9.76,8,9.76,13665000,9.76
2015/11/26,9.98,10.7,9.98,10.7,983000,10.7
2015/11/27,11.75,11.75,11.75,11.75,407000,11.75
2015/11/30,12.9,12.9,10.6,11.15,3754000,11.15
2015/12/1,11.2,12.25,11.2,12.15,687000,12.15
2015/12/2,12.15,12.85,12.15,12.15,279000,12.15
2015/12/3,12,12.8,11.25,11.5,316000,11.5
2015/12/4,11.5,11.7,10.9,11.7,203000,11.7
2015/12/7,11.9,12.3,11.75,11.85,271000,11.85
2015/12/8,11.7,11.7,10.7,10.95,550000,10.95
2015/12/9,10.6,10.85,10,10,986000,10
2015/12/10,10,10.5,10,10.1,583000,10.1
2015/12/11,9.81,10.65,9.81,10.1,249000,10.1
2015/12/14,10,10.25,9.46,10.15,344000,10.15
2015/12/15,10.35,10.4,10,10,222000,10
2015/12/16,10,10.25,10,10.2,245000,10.2
2015/12/17,10.4,10.4,9.8,10,210000,10
2015/12/18,10.05,10.15,10.05,10.1,90000,10.1
2015/12/21,10.1,10.3,10,10.1,146000,10.1
2015/12/22,10.1,10.15,9.91,10,182000,10
2015/12/23,10,10.15,9.95,10,121000,10
2015/12/24,10,10.05,9.97,9.97,99000,9.97
2015/12/25,9.97,10.1,9.8,10,323000,10
2015/12/28,10,10.15,9.96,10,190000,10
2015/12/29,10,10.05,9.95,10.05,375000,10.05
2015/12/30,10.05,10.05,9.95,9.97,58000,9.97
2015/12/31,9.97,10.15,9.93,10.15,183000,10.15
2016/1/1,10.15,10.15,10.15,10.15,0,10.15
2016/1/4,10.1,10.2,9.9,9.92,269000,9.92
2016/1/5,9.92,9.92,9.8,9.8,139000,9.8
2016/1/6,9.8,9.8,9.33,9.33,255000,9.33
2016/1/7,9.4,9.4,8.4,8.54,702000,8.54
2016/1/8,8.05,8.8,8.05,8.67,313000,8.67
2016/1/11,8.7,8.7,8.26,8.39,312000,8.39
2016/1/12,8.4,8.66,7.81,8.12,288000,8.12
2016/1/13,8.14,8.3,8.05,8.14,333000,8.14
2016/1/14,8.1,8.1,7.78,7.88,203000,7.88
2016/1/15,7.98,8.66,7.9,8.5,539000,8.5
2016/1/18,8,8.6,8,8.6,334000,8.6
2016/1/19,8.87,9.14,8.65,8.82,528000,8.82
2016/1/20,9.1,9.1,8.53,8.53,167000,8.53
2016/1/21,8.57,8.79,8.52,8.6,111000,8.6
2016/1/22,8.43,8.63,7.98,7.98,773000,7.98
2016/1/25,8.2,8.39,8.05,8.22,675000,8.22
2016/1/26,8.1,8.3,8.08,8.11,156000,8.11
2016/1/27,8.21,8.21,7.92,7.95,344000,7.95
2016/1/28,7.91,7.91,7.33,7.62,562000,7.62
2016/1/29,7.65,7.95,7.62,7.9,315000,7.9
2016/2/1,7.88,7.89,7.5,7.5,410000,7.5
2016/2/2,7.58,7.68,7.5,7.5,364000,7.5
2016/2/3,7.5,7.65,7.16,7.28,478000,7.28
2016/2/4,7.28,7.28,7.28,7.28,0,7.28
2016/2/8,7.28,7.28,7.28,7.28,0,7.28
2016/2/9,7.28,7.28,7.28,7.28,0,7.28
2016/2/10,7.28,7.28,7.28,7.28,0,7.28
2016/2/11,7.28,7.28,7.28,7.28,0,7.28
2016/2/12,7.28,7.28,7.28,7.28,0,7.28
2016/2/15,7.01,7.46,7.01,7.12,399000,7.12
2016/2/16,7.2,7.56,7.2,7.39,507000,7.39
2016/2/17,7.39,7.5,7.35,7.39,137000,7.39
2016/2/18,7.42,7.5,7.15,7.28,315000,7.28
2016/2/19,7.36,7.36,7.09,7.16,352000,7.16
2016/2/22,7.25,7.25,7.08,7.23,369000,7.23
2016/2/23,7.13,7.59,7.13,7.57,513000,7.57
2016/2/24,7.7,8.32,7.69,8.32,1204000,8.32
2016/2/25,9,9.15,8.8,9.15,2127000,9.15
2016/2/26,9.57,10.05,9.25,10.05,2697000,10.05
2016/2/29,10.05,10.05,10.05,10.05,0,10.05
2016/3/1,10.5,11.05,10.25,11.05,1684000,11.05
2016/3/2,12,12.15,11.9,12.15,3475000,12.15
2016/3/3,12.55,12.55,10.95,10.95,2232000,10.95
2016/3/4,10.4,10.95,10,10.6,2100000,10.6
2016/3/7,10.85,10.85,10.35,10.45,910000,10.45
2016/3/8,10.5,10.7,9.95,10,1039000,10
2016/3/9,10,10,9,9,2421000,9
2016/3/10,9.21,9.63,8.8,9.53,2191000,9.53
2016/3/11,9.52,10.2,9.52,9.65,1265000,9.65
2016/3/14,9.9,10.6,9.75,10.6,1716000,10.6
2016/3/15,11,11.65,10.6,10.65,2558000,10.65
2016/3/16,10.9,11.25,10.65,10.85,1042000,10.85
2016/3/17,11.45,11.8,10.9,11.75,3117000,11.75
2016/3/18,12,12.85,10.95,10.95,7317000,10.95
2016/3/21,10.9,11.3,10.4,10.4,3100000,10.4
2016/3/22,10.35,10.35,9.93,10.1,2351000,10.1
2016/3/23,10.15,10.15,9.95,10.15,1126000,10.15
2016/3/24,10.05,10.05,9.33,9.54,1863000,9.54
2016/3/25,9.51,10.45,9.35,10.45,2928000,10.45
2016/3/28,10.5,10.8,10.15,10.2,3370000,10.2
2016/3/29,10,10.35,9.82,9.91,1128000,9.91
2016/3/30,9.86,10.2,9.86,10,1046000,10
2016/3/31,10.05,10.1,9.8,9.95,1242000,9.95
2016/4/1,9,9.79,9,9.78,2480000,9.78
2016/4/4,9.78,9.78,9.78,9.78,0,9.78
2016/4/5,9.78,9.78,9.78,9.78,0,9.78
2016/4/6,8.81,9.04,8.81,9.04,6947000,9.04
2016/4/7,9.04,9.04,9.04,9.04,0,9.04
2016/4/8,9.04,9.04,9.04,9.04,0,9.04
2016/4/11,9.04,9.04,9.04,9.04,0,9.04
2016/4/12,9.04,9.04,9.04,9.04,0,9.04
2016/4/13,9.04,9.04,9.04,9.04,0,9.04
2016/4/14,9.04,9.04,9.04,9.04,0,9.04
2016/4/15,9.04,9.04,9.04,9.04,0,9.04
2016/4/18,9.04,9.04,9.04,9.04,0,9.04
2016/4/19,9.04,9.04,9.04,9.04,0,9.04
2016/4/20,9.04,9.04,9.04,9.04,0,9.04
2016/4/21,9.04,9.04,9.04,9.04,0,9.04
2016/4/22,9.04,9.04,9.04,9.04,0,9.04
2016/4/25,9.04,9.04,9.04,9.04,0,9.04
2016/4/26,9.04,9.04,9.04,9.04,0,9.04
2016/4/27,9.04,9.04,9.04,9.04,0,9.04
2016/4/28,9.04,9.04,9.04,9.04,0,9.04
2016/4/29,9.04,9.04,9.04,9.04,0,9.04
2016/5/2,9.04,9.04,9.04,9.04,0,9.04
2016/5/3,9.04,9.04,9.04,9.04,0,9.04
2016/5/4,9.04,9.04,9.04,9.04,0,9.04
2016/5/5,9.04,9.04,9.04,9.04,0,9.04
2016/5/6,9.04,9.04,9.04,9.04,0,9.04
2016/5/9,9.04,9.04,9.04,9.04,0,9.04
2016/5/10,9.04,9.04,9.04,9.04,0,9.04
2016/5/11,9.04,9.04,9.04,9.04,0,9.04
2016/5/12,9.04,9.04,9.04,9.04,0,9.04
2016/5/13,9.04,9.04,9.04,9.04,0,9.04
2016/5/16,9.04,9.04,9.04,9.04,0,9.04
2016/5/17,9.04,9.04,9.04,9.04,0,9.04
2016/5/18,9.04,9.04,9.04,9.04,0,9.04
2016/5/19,9.04,9.04,9.04,9.04,0,9.04
2016/5/20,9.04,9.04,9.04,9.04,0,9.04
2016/5/23,9.04,9.04,9.04,9.04,0,9.04
2016/5/24,9.04,9.04,9.04,9.04,0,9.04
2016/5/25,9.04,9.04,9.04,9.04,0,9.04
2016/5/26,9.04,9.04,9.04,9.04,0,9.04
2016/5/27,9.04,9.04,9.04,9.04,0,9.04
2016/5/30,9.04,9.04,9.04,9.04,0,9.04
2016/5/31,9.04,9.04,9.04,9.04,0,9.04
2016/6/1,9.04,9.04,9.04,9.04,0,9.04
2016/6/2,9.04,9.04,9.04,9.04,0,9.04
2016/6/3,9.04,9.04,9.04,9.04,0,9.04
2016/6/6,9.04,9.04,9.04,9.04,0,9.04
2016/6/7,9.04,9.04,9.04,9.04,0,9.04
2016/6/8,9.04,9.04,9.04,9.04,0,9.04
2016/6/9,9.04,9.04,9.04,9.04,0,9.04
2016/6/10,9.04,9.04,9.04,9.04,0,9.04
2016/6/13,9.04,9.04,9.04,9.04,0,9.04
2016/6/14,9.04,9.04,9.04,9.04,0,9.04
2016/6/15,9.04,9.04,9.04,9.04,0,9.04
2016/6/16,9.04,9.04,9.04,9.04,0,9.04
2016/6/17,9.04,9.04,9.04,9.04,0,9.04
2016/6/20,9.04,9.04,9.04,9.04,0,9.04
2016/6/21,9.04,9.04,9.04,9.04,0,9.04
2016/6/22,9.04,9.04,9.04,9.04,0,9.04
2016/6/23,9.04,9.04,9.04,9.04,0,9.04
2016/6/24,9.04,9.04,9.04,9.04,0,9.04
2016/6/27,9.04,9.04,9.04,9.04,0,9.04
2016/6/28,9.04,9.04,9.04,9.04,0,9.04
2016/6/29,9.04,9.04,9.04,9.04,0,9.04
2016/6/30,9.04,9.04,9.04,9.04,0,9.04
2016/7/1,9.04,9.04,9.04,9.04,0,9.04
2016/7/4,9.04,9.04,9.04,9.04,0,9.04
2016/7/5,9.71,9.71,9.71,9.71,6000,9.71
2016/7/6,9.31,9.31,9.31,9.31,0,9.31
2016/7/7,9.42,9.42,9.42,9.42,0,9.42
2016/7/11,9.26,9.26,9.26,9.26,20000,9.26
2016/7/12,9.19,9.19,9.19,9.19,0,9.19
2016/7/13,9.27,9.27,9.27,9.27,0,9.27
2016/7/14,9.27,9.27,9.27,9.27,0,9.27
2016/7/15,9.11,9.11,9.11,9.11,0,9.11
2016/7/18,9.1,9.17,9.04,9.16,937000,9.16
2016/7/19,9.1,9.18,9.05,9.18,456000,9.18
2016/7/20,9.1,10.05,9.1,10.05,1889000,10.05
2016/7/21,10,10.5,10,10.35,1562000,10.35
2016/7/22,10.25,10.6,10.2,10.5,715000,10.5
2016/7/25,10.6,10.7,10.5,10.6,716000,10.6
2016/7/26,10.6,11.6,10.5,11.55,1221000,11.55
2016/7/27,11.5,12.4,11.5,12.1,2715000,12.1
2016/7/28,12.1,12.1,11.25,11.35,1617000,11.35
2016/7/29,11.35,11.95,11.05,11.5,863000,11.5
2016/8/1,11.8,12.25,11.4,12.2,1757000,12.2
2016/8/2,12.15,12.5,12.1,12.15,1755000,12.15
2016/8/3,11.95,12.15,11.85,11.95,460000,11.95
2016/8/4,12.15,12.15,11.8,12.05,388000,12.05
2016/8/5,12.1,12.25,12.1,12.2,676000,12.2
2016/8/8,12.05,12.35,12.05,12.2,608000,12.2
2016/8/9,12.05,12.15,11.95,12,462000,12
2016/8/10,11.95,12.2,11.8,12,439000,12
2016/8/11,11.9,12,11.75,11.9,451000,11.9
2016/8/12,11.85,12,11.85,11.85,292000,11.85
2016/8/15,11.6,11.7,10.95,11,1882000,11
2016/8/16,10.95,11.6,10.9,11.4,488000,11.4
2016/8/17,11.4,11.6,11.35,11.55,192000,11.55
2016/8/18,11.45,11.45,10.45,10.85,2340000,10.85
2016/8/19,10.75,11.15,10.75,11.05,262000,11.05
2016/8/22,10.85,11.2,10.85,11,97000,11
2016/8/23,11,11.3,10.95,11.3,403000,11.3
2016/8/24,11.1,11.5,11.1,11.3,391000,11.3
2016/8/25,11.35,11.35,11.1,11.25,453000,11.25
2016/8/26,11.1,11.35,11.1,11.2,165000,11.2
2016/8/29,11.25,11.55,11.25,11.55,347000,11.55
2016/8/30,11.45,11.7,11.45,11.7,281000,11.7
2016/8/31,11.7,11.9,11.55,11.8,475000,11.8
2016/9/1,11.7,12.1,11.7,12.05,557000,12.05
2016/9/2,12,12.35,12,12.3,718000,12.3
2016/9/5,12.3,12.3,11.95,12.15,935000,12.15
2016/9/6,12.1,12.15,11.35,11.85,455000,11.85
2016/9/7,11.8,11.8,11.7,11.7,136000,11.7
2016/9/8,11.65,12,11.65,11.9,143000,11.9
2016/9/9,12.05,12.35,12.05,12.3,803000,12.3
2016/9/12,12.4,12.8,12.3,12.7,657000,12.7
2016/9/13,12.65,12.7,12.25,12.65,1472000,12.65
2016/9/14,12.7,13.2,12.5,13,1268000,13
2016/9/15,13,13,13,13,0,13
2016/9/16,13,13,13,13,0,13
2016/9/19,13.05,13.5,12.85,13.45,1308000,13.45
2016/9/20,13.5,13.85,13.5,13.75,849000,13.75
2016/9/21,13.7,14.5,13.6,14.35,931000,14.35
2016/9/22,14.6,14.6,14,14.25,1621000,14.25
2016/9/23,14.5,14.5,13.85,14.2,741000,14.2
2016/9/26,14.2,14.2,13.85,13.95,307000,13.95
2016/9/27,13.95,13.95,13.95,13.95,0,13.95
2016/9/28,13.95,13.95,13.95,13.95,0,13.95
2016/9/29,13.9,14.15,13.75,14,572000,14
2016/9/30,13.9,13.9,13.4,13.5,482000,13.5
2016/10/3,13.85,13.85,13.5,13.6,539000,13.6
2016/10/4,13.55,13.65,13.45,13.6,257000,13.6
2016/10/5,13.65,14.4,13.65,14,933000,14
2016/10/6,13.9,14.2,13.85,14.1,594000,14.1
2016/10/7,14.2,14.2,13.65,13.85,1023000,13.85
2016/10/10,13.85,13.85,13.85,13.85,0,13.85
2016/10/11,13.8,13.8,12.9,13.05,1442000,13.05
2016/10/12,13.05,13.8,12.7,13.75,1449000,13.75
2016/10/13,13.35,13.7,13.25,13.7,1489000,13.7
2016/10/14,13.65,14.2,13.45,13.65,882000,13.65
2016/10/17,13.6,13.6,12.95,13.1,833000,13.1
2016/10/18,12.95,13.2,12.85,13,480000,13
2016/10/19,13.3,13.3,12.9,13,472000,13
2016/10/20,12.8,13,12.65,12.7,698000,12.7
2016/10/21,12.7,13,12.7,12.9,712000,12.9
2016/10/24,12.8,12.9,12.7,12.8,403000,12.8
2016/10/25,12.95,13.75,12.95,12.95,507000,12.95
2016/10/26,12.8,13,12.75,12.85,574000,12.85
2016/10/27,12.95,13.35,12.75,13.2,695000,13.2
2016/10/28,13.55,13.55,12.85,12.85,329000,12.85
2016/10/31,12.7,12.85,12.45,12.55,499000,12.55
2016/11/1,12.3,12.55,12.3,12.5,137000,12.5
2016/11/2,12.4,12.75,12.35,12.6,588000,12.6
2016/11/3,12.7,12.9,12.5,12.8,585000,12.8
2016/11/4,12.9,13,12.65,12.9,1092000,12.9
2016/11/7,12.95,12.95,12.75,12.75,301000,12.75
2016/11/8,12.75,12.95,12.7,12.8,785000,12.8
2016/11/9,13,13.2,12.5,12.6,691000,12.6
2016/11/10,12.6,13,12.6,12.75,1036000,12.75
2016/11/11,12.5,12.7,12.15,12.5,727000,12.5
2016/11/14,12.6,12.6,12.35,12.5,461000,12.5
2016/11/15,12.5,12.6,12.4,12.6,452000,12.6
2016/11/16,12.45,12.6,12.4,12.5,780000,12.5
2016/11/17,12.45,12.8,12.45,12.5,659000,12.5
2016/11/18,12.45,13,12.45,12.7,841000,12.7
2016/11/21,12.7,12.7,12.5,12.55,1140000,12.55
2016/11/22,12.65,12.65,12.5,12.5,322000,12.5
2016/11/23,12.55,12.55,12.45,12.55,747000,12.55
2016/11/24,12.55,12.55,12.45,12.5,876000,12.5
2016/11/25,12.5,12.6,12.45,12.6,813000,12.6
2016/11/28,12.5,12.7,12.4,12.6,462000,12.6
2016/11/29,12.55,12.8,12.5,12.8,931000,12.8
2016/11/30,12.85,13,12.7,12.95,1170000,12.95
2016/12/1,12.95,13,12.6,12.6,287000,12.6
2016/12/2,12.65,12.65,12.4,12.6,842000,12.6
2016/12/5,12.5,12.6,12.45,12.5,634000,12.5
